{
    "rec_portfolio": {
        "BIL": 0.1,
        "BND": 0.1,
        "EFA": 0.1,
        "RWR": 0.1,
        "SPY": 0.1,
        "VBMFX": 0.1,
        "VNQ": 0.1,
        "VTI": 0.1,
        "VXUS": 0.1,
        "DTB3": 0.1
    },
    "user_portfolio": {
        "BIL": 10.0,
        "BND": 10.0,
        "EFA": 10.0,
        "RWR": 10.0,
        "SPY": 10.0,
        "VBMFX": 10.0,
        "VNQ": 10.0,
        "VTI": 10.0,
        "VXUS": 10.0,
        "DTB3": 9999.0
    },
    "user_portfolio_fractional": {
        "BIL": 0.000991178511249876,
        "BND": 0.000991178511249876,
        "EFA": 0.000991178511249876,
        "RWR": 0.000991178511249876,
        "SPY": 0.000991178511249876,
        "VBMFX": 0.000991178511249876,
        "VNQ": 0.000991178511249876,
        "VTI": 0.000991178511249876,
        "VXUS": 0.000991178511249876,
        "DTB3": 0.9910793933987511
    },
    "simulated_portfolios": {
        "user_portfolio": 100,
        "rec_portfolio": 100,
        "min_portfolio": 100,
        "max_portfolio": 100
    },
    "portfolios_over_time": null,
    "min_risk": [],
    "max_risk": [],
    "portfolio_value": 10089.0,
    "lookback": 252,
    "mu": [
        0.00016061828942820873,
        0.00027275323012124246,
        0.0011305661387840098,
        0.0003123274889520817,
        0.0005898770590428206,
        0.00026550972211858854,
        0.00021921392878800913,
        0.0005641582286877002,
        0.0012266928695160095,
        0.0001589758125471897
    ],
    "R_max": 0.0011776251532353691,
    "sigma": [
        [
            8.178001604010184e-06,
            -1.340315863559411e-08,
            -5.539083546373934e-08,
            -4.08179325267749e-09,
            -1.216127780566861e-07,
            -2.0109705154463798e-08,
            -4.76122062191002e-09,
            -1.2048132615405253e-07,
            -8.341392661150356e-08,
            6.450455226253062e-11
        ],
        [
            -1.340315863559411e-08,
            1.4760483567536292e-05,
            4.814020599486367e-06,
            7.734717289797102e-06,
            2.3795986196908945e-06,
            6.383348958855286e-06,
            8.285211676543506e-06,
            2.396490714733047e-06,
            3.8218589773970886e-06,
            5.422086593773998e-10
        ],
        [
            -5.539083546373934e-08,
            4.814020599486367e-06,
            0.00010459867339860916,
            6.698558044268465e-05,
            8.947496432174815e-05,
            2.063671496544622e-06,
            6.623492452995791e-05,
            8.980497584825623e-05,
            8.88401969651532e-05,
            2.1645902637456844e-10
        ],
        [
            -4.08179325267749e-09,
            7.734717289797102e-06,
            6.698558044268465e-05,
            0.00011225163171623815,
            7.506918671816183e-05,
            5.4627189666942305e-06,
            9.779406383232002e-05,
            7.615452359667004e-05,
            6.113508022901931e-05,
            -1.368320581695837e-09
        ],
        [
            -1.216127780566861e-07,
            2.3795986196908945e-06,
            8.947496432174815e-05,
            7.506918671816183e-05,
            0.0001391355821166454,
            -2.501968124629379e-07,
            7.30503767676841e-05,
            0.00013039890650551222,
            8.624462828967622e-05,
            2.5452520740960416e-09
        ],
        [
            -2.0109705154463798e-08,
            6.383348958855286e-06,
            2.063671496544622e-06,
            5.4627189666942305e-06,
            -2.501968124629379e-07,
            1.5086124081922045e-05,
            6.108077284299637e-06,
            -2.0656420183326835e-07,
            1.240963678789318e-06,
            4.2515705676910314e-10
        ],
        [
            -4.76122062191002e-09,
            8.285211676543506e-06,
            6.623492452995791e-05,
            9.779406383232002e-05,
            7.30503767676841e-05,
            6.108077284299637e-06,
            0.00010358616820768437,
            7.419994744151145e-05,
            6.0538166374877066e-05,
            6.272290049132163e-10
        ],
        [
            -1.2048132615405253e-07,
            2.396490714733047e-06,
            8.980497584825623e-05,
            7.615452359667004e-05,
            0.00013039890650551222,
            -2.0656420183326835e-07,
            7.419994744151145e-05,
            0.00013854017258858664,
            8.674640473910555e-05,
            2.2848368724148562e-09
        ],
        [
            -8.341392661150356e-08,
            3.8218589773970886e-06,
            8.88401969651532e-05,
            6.113508022901931e-05,
            8.624462828967622e-05,
            1.240963678789318e-06,
            6.0538166374877066e-05,
            8.674640473910555e-05,
            9.408240020423423e-05,
            1.5258507307549045e-10
        ],
        [
            6.450455226253062e-11,
            5.422086593773998e-10,
            2.1645902637456844e-10,
            -1.368320581695837e-09,
            2.5452520740960416e-09,
            4.2515705676910314e-10,
            6.272290049132163e-10,
            2.2848368724148562e-09,
            1.5258507307549045e-10,
            8.163923279034452e-06
        ]
    ],
    "req_return_daily": 0.0005888125766176846,
    "eps": 1e-12,
    "w_min": 0.01
}